{"branches": 22.42798353909465, "coverage": 33.07163886162905}