{"branches": 24.279835390946502, "coverage": 53.50343473994111}